FlightID,Departure,Destination,Date,Time,AirplaneID,AirplaneModel,FirstClassSeats,BusinessClassSeats,EconomyClassSeats,Price,Capacity,SeatsAvailable
<<<<<<< HEAD
3001,BKK,HKT,2025-05-14,05:00,A001,Boeing 787-9,8,30,200,67.50,238,238
3002,HKT,SYD,2025-05-14,06:00,A002,Airbus A350-900,10,24,253,717.00,287,287
3003,SYD,GRU,2025-05-14,07:00,A004,Boeing 737-800,8,24,157,1330.00,189,189
3004,GRU,YYZ,2025-05-14,08:00,A005,Airbus A320,4,12,164,830.00,180,180
3005,YYZ,BER,2025-05-14,09:00,A001,Boeing 787-9,8,30,200,630.00,238,238
3006,BER,NRT,2025-05-14,10:00,A002,Airbus A350-900,10,24,253,900.00,287,287
3007,NRT,BKK,2025-05-14,11:00,A004,Boeing 737-800,8,24,157,460.00,189,189
3008,BKK,BER,2025-05-14,12:00,A005,Airbus A320,4,12,164,860.00,180,180
3009,BER,YYZ,2025-05-14,13:00,A001,Boeing 787-9,8,30,200,630.00,238,238
3010,YYZ,GRU,2025-05-14,14:00,A002,Airbus A350-900,10,24,253,830.00,287,287
3011,GRU,SYD,2025-05-14,15:00,A004,Boeing 737-800,8,24,157,1330.00,189,189
3012,SYD,BKK,2025-05-14,16:00,A005,Airbus A320,4,12,164,752.00,180,180
3013,HKT,BKK,2025-05-14,17:00,A001,Boeing 787-9,8,30,200,67.50,238,238
3014,NRT,BER,2025-05-14,18:00,A002,Airbus A350-900,10,24,253,900.00,287,287
3015,BER,BKK,2025-05-14,19:00,A004,Boeing 737-800,8,24,157,860.00,189,189
3016,BKK,NRT,2025-05-14,20:00,A005,Airbus A320,4,12,164,460.00,180,180
3017,NRT,YYZ,2025-05-14,21:00,A001,Boeing 787-9,8,30,200,1030.00,238,238
3018,YYZ,NRT,2025-05-14,22:00,A002,Airbus A350-900,10,24,253,1030.00,287,287
3019,NRT,BKK,2025-05-14,23:00,A004,Boeing 737-800,8,24,157,460.00,189,189
3020,BKK,SYD,2025-05-14,06:30,A005,Airbus A320,4,12,164,752.00,180,180
3021,SYD,HKT,2025-05-14,07:45,A001,Boeing 787-9,8,30,200,717.00,238,238
3022,HKT,BKK,2025-05-14,09:00,A002,Airbus A350-900,10,24,253,67.50,287,287
3023,BKK,BER,2025-05-14,10:15,A004,Boeing 737-800,8,24,157,860.00,189,189
3024,BER,NRT,2025-05-14,11:30,A005,Airbus A320,4,12,164,900.00,180,180
3025,NRT,YYZ,2025-05-14,12:45,A001,Boeing 787-9,8,30,200,1030.00,238,238
3026,YYZ,GRU,2025-05-14,14:00,A002,Airbus A350-900,10,24,253,830.00,287,287
3027,GRU,SYD,2025-05-14,15:15,A004,Boeing 737-800,8,24,157,1330.00,189,189
3028,SYD,BKK,2025-05-14,16:30,A005,Airbus A320,4,12,164,752.00,180,180
3029,BKK,NRT,2025-05-14,17:45,A001,Boeing 787-9,8,30,200,460.00,238,238
3030,NRT,BER,2025-05-14,19:00,A002,Airbus A350-900,10,24,253,900.00,287,287
3031,BER,YYZ,2025-05-14,20:15,A004,Boeing 737-800,8,24,157,630.00,189,189
3032,YYZ,BER,2025-05-14,21:30,A005,Airbus A320,4,12,164,630.00,180,180
3033,BER,BKK,2025-05-14,22:45,A001,Boeing 787-9,8,30,200,860.00,238,238
3034,BKK,HKT,2025-05-14,00:15,A002,Airbus A350-900,10,24,253,67.50,287,287
3035,HKT,BKK,2025-05-14,01:30,A004,Boeing 737-800,8,24,157,67.50,189,189
3036,NRT,BER,2025-05-14,00:00,A005,Airbus A320,4,12,164,900.00,180,180
3037,BER,YYZ,2025-05-14,01:15,A001,Boeing 787-9,8,30,200,630.00,238,238
3038,YYZ,GRU,2025-05-14,02:30,A002,Airbus A350-900,10,24,253,830.00,287,287
3039,GRU,SYD,2025-05-14,03:45,A004,Boeing 737-800,8,24,157,1330.00,189,189
3040,SYD,HKT,2025-05-14,05:00,A005,Airbus A320,4,12,164,717.00,180,180
3041,HKT,BKK,2025-05-14,06:15,A001,Boeing 787-9,8,30,200,67.50,238,238
3042,BKK,NRT,2025-05-14,07:30,A002,Airbus A350-900,10,24,253,460.00,287,287
3043,NRT,YYZ,2025-05-14,08:45,A004,Boeing 737-800,8,24,157,1030.00,189,189
3044,YYZ,NRT,2025-05-14,10:00,A005,Airbus A320,4,12,164,1030.00,180,180
3045,NRT,BKK,2025-05-14,11:15,A001,Boeing 787-9,8,30,200,460.00,238,238
3046,BKK,BER,2025-05-14,12:30,A002,Airbus A350-900,10,24,253,860.00,287,287
3047,BER,BKK,2025-05-14,13:45,A004,Boeing 737-800,8,24,157,860.00,189,189
3048,BKK,HKT,2025-05-14,15:00,A005,Airbus A320,4,12,164,67.50,180,180
3049,HKT,BKK,2025-05-14,16:15,A001,Boeing 787-9,8,30,200,67.50,238,238
3050,BKK,SYD,2025-05-14,17:30,A002,Airbus A350-900,10,24,253,752.00,287,287
3051,BKK,NRT,2025-05-14,18:45,A001,Boeing 787-9,8,30,200,460.00,238,238
3052,NRT,YYZ,2025-05-14,20:00,A002,Airbus A350-900,10,24,253,1030.00,287,287
3053,YYZ,BER,2025-05-14,21:15,A004,Boeing 737-800,8,24,157,630.00,189,189
3054,BER,NRT,2025-05-14,22:30,A005,Airbus A320,4,12,164,900.00,180,180
3055,NRT,BKK,2025-05-14,23:45,A001,Boeing 787-9,8,30,200,460.00,238,238
3056,BKK,HKT,2025-05-14,06:00,A002,Airbus A350-900,10,24,253,67.50,287,287
3057,HKT,SYD,2025-05-14,07:15,A004,Boeing 737-800,8,24,157,717.00,189,189
3058,SYD,GRU,2025-05-14,08:30,A005,Airbus A320,4,12,164,1330.00,180,180
3059,GRU,YYZ,2025-05-14,09:45,A001,Boeing 787-9,8,30,200,830.00,238,238
3060,YYZ,NRT,2025-05-14,11:00,A002,Airbus A350-900,10,24,253,1030.00,287,287
3061,NRT,BER,2025-05-14,12:15,A004,Boeing 737-800,8,24,157,900.00,189,189
3062,BER,BKK,2025-05-14,13:30,A005,Airbus A320,4,12,164,860.00,180,180
3063,BKK,SYD,2025-05-14,14:45,A001,Boeing 787-9,8,30,200,752.00,238,238
3064,SYD,BKK,2025-05-14,16:00,A002,Airbus A350-900,10,24,253,752.00,287,287
3065,BKK,BER,2025-05-14,17:15,A004,Boeing 737-800,8,24,157,860.00,189,189
8001,BKK,NRT,2025-05-15,08:00,A001,Boeing 787-9,8,30,200,1380.00,238,238
8002,HKT,BKK,2025-05-15,09:00,A004,Boeing 737-800,8,24,157,67.50,189,189
8003,NRT,BER,2025-05-15,10:00,A002,Airbus A350-900,10,24,253,2700.00,287,287
8004,BER,BKK,2025-05-15,11:00,A005,Airbus A320,4,12,164,2580.00,180,180
8005,YYZ,NRT,2025-05-15,07:00,A006,Boeing 777X,12,40,268,3090.00,320,320
8006,SYD,BKK,2025-05-15,06:30,A007,Airbus A330-900neo,8,36,243,2256.00,287,287
8007,BKK,BER,2025-05-15,12:00,A008,Boeing 757-300,6,30,207,2580.00,243,243
8008,BER,YYZ,2025-05-15,14:00,A009,Airbus A310,10,28,242,1890.00,280,280
8009,GRU,SYD,2025-05-15,13:00,A010,McDonnell Douglas MD-11,8,34,251,3990.00,293,293
8010,NRT,BKK,2025-05-15,15:00,A001,Boeing 787-9,8,30,200,1380.00,238,238
8011,HKT,SYD,2025-05-15,16:00,A002,Airbus A350-900,10,24,253,1434.00,287,287
8012,SYD,GRU,2025-05-15,17:00,A003,Boeing 777-300ER,12,40,300,3990.00,352,352
8013,YYZ,BER,2025-05-15,07:30,A004,Boeing 737-800,8,24,157,1890.00,189,189
8014,NRT,YYZ,2025-05-15,08:45,A005,Airbus A320,4,12,164,3090.00,180,180
8015,BKK,HKT,2025-05-15,09:15,A006,Boeing 777X,12,40,268,67.50,320,320
8016,BKK,SYD,2025-05-15,10:00,A007,Airbus A330-900neo,8,36,243,2256.00,287,287
8017,BKK,NRT,2025-05-15,11:00,A008,Boeing 757-300,6,30,207,1380.00,243,243
8018,BER,NRT,2025-05-15,12:30,A009,Airbus A310,10,28,242,2700.00,280,280
8019,YYZ,GRU,2025-05-15,14:00,A010,McDonnell Douglas MD-11,8,34,251,2490.00,293,293
8020,HKT,BKK,2025-05-15,15:00,A001,Boeing 787-9,8,30,200,67.50,238,238
8021,BER,YYZ,2025-05-15,16:00,A002,Airbus A350-900,10,24,253,1890.00,287,287
8022,NRT,BER,2025-05-15,17:00,A003,Boeing 777-300ER,12,40,300,2700.00,352,352
8023,SYD,HKT,2025-05-15,18:00,A004,Boeing 737-800,8,24,157,1434.00,189,189
8024,GRU,YYZ,2025-05-15,19:00,A005,Airbus A320,4,12,164,2490.00,180,180
8025,BER,BKK,2025-05-15,20:00,A006,Boeing 777X,12,40,268,2580.00,320,320
8026,NRT,BKK,2025-05-15,21:00,A007,Airbus A330-900neo,8,36,243,1380.00,287,287
8027,SYD,GRU,2025-05-15,22:00,A008,Boeing 757-300,6,30,207,3990.00,243,243
8028,HKT,BKK,2025-05-15,23:00,A009,Airbus A310,10,28,242,67.50,280,280
8029,BKK,NRT,2025-05-15,06:00,A010,McDonnell Douglas MD-11,8,34,251,1380.00,293,293
8030,BKK,BER,2025-05-15,06:30,A001,Boeing 787-9,8,30,200,2580.00,238,238
8031,YYZ,NRT,2025-05-15,07:00,A002,Airbus A350-900,10,24,253,3090.00,287,287
8032,NRT,YYZ,2025-05-15,08:00,A003,Boeing 777-300ER,12,40,300,3090.00,352,352
8033,HKT,SYD,2025-05-15,09:00,A004,Boeing 737-800,8,24,157,1434.00,189,189
8034,SYD,BKK,2025-05-15,10:00,A005,Airbus A320,4,12,164,2256.00,180,180
8035,BER,NRT,2025-05-15,11:00,A006,Boeing 777X,12,40,268,2700.00,320,320
9001,BKK,HKT,2025-05-16,06:00,A001,Boeing 787-9,8,30,200,67.50,238,238
9002,HKT,SYD,2025-05-16,07:00,A002,Airbus A350-900,10,24,253,1434.00,287,287
9003,SYD,BKK,2025-05-16,08:00,A003,Boeing 777-300ER,12,40,300,2256.00,352,352
9004,BKK,NRT,2025-05-16,09:00,A004,Boeing 737-800,8,24,157,1380.00,189,189
9005,NRT,BER,2025-05-16,10:00,A005,Airbus A320,4,12,164,2700.00,180,180
9006,BER,YYZ,2025-05-16,11:00,A006,Boeing 777X,12,40,268,1890.00,320,320
9007,YYZ,GRU,2025-05-16,12:00,A007,Airbus A330-900neo,8,36,243,2490.00,287,287
9008,GRU,SYD,2025-05-16,13:00,A008,Boeing 757-300,6,30,207,3990.00,243,243
9009,SYD,GRU,2025-05-16,14:00,A009,Airbus A310,10,28,242,3990.00,280,280
9010,BKK,BER,2025-05-16,15:00,A010,McDonnell Douglas MD-11,8,34,251,2580.00,293,293
9011,HKT,BKK,2025-05-16,16:00,A001,Boeing 787-9,8,30,200,67.50,238,238
9012,NRT,BKK,2025-05-16,17:00,A002,Airbus A350-900,10,24,253,1380.00,287,287
9013,BER,NRT,2025-05-16,18:00,A003,Boeing 777-300ER,12,40,300,2700.00,352,352
9014,YYZ,NRT,2025-05-16,19:00,A004,Boeing 737-800,8,24,157,3090.00,189,189
9015,GRU,YYZ,2025-05-16,20:00,A005,Airbus A320,4,12,164,2490.00,180,180
9016,BKK,SYD,2025-05-16,21:00,A006,Boeing 777X,12,40,268,2256.00,320,320
9017,BKK,HKT,2025-05-16,22:00,A007,Airbus A330-900neo,8,36,243,67.50,287,287
9018,SYD,HKT,2025-05-16,23:00,A008,Boeing 757-300,6,30,207,1434.00,243,243
9019,NRT,YYZ,2025-05-16,06:30,A009,Airbus A310,10,28,242,3090.00,280,280
9020,BER,BKK,2025-05-16,07:15,A010,McDonnell Douglas MD-11,8,34,251,2580.00,293,293
9021,HKT,SYD,2025-05-16,08:30,A001,Boeing 787-9,8,30,200,1434.00,238,238
9022,GRU,SYD,2025-05-16,09:30,A002,Airbus A350-900,10,24,253,3990.00,287,287
9023,SYD,BKK,2025-05-16,10:45,A003,Boeing 777-300ER,12,40,300,2256.00,352,352
9024,NRT,BER,2025-05-16,11:00,A004,Boeing 737-800,8,24,157,2700.00,189,189
9025,YYZ,BER,2025-05-16,12:15,A005,Airbus A320,4,12,164,1890.00,180,180
9026,BKK,NRT,2025-05-16,13:30,A006,Boeing 777X,12,40,268,1380.00,320,320
9027,HKT,BKK,2025-05-16,14:45,A007,Airbus A330-900neo,8,36,243,67.50,287,287
9028,BKK,BER,2025-05-16,15:50,A008,Boeing 757-300,6,30,207,2580.00,243,243
9029,NRT,BKK,2025-05-16,17:05,A009,Airbus A310,10,28,242,1380.00,280,280
9030,SYD,GRU,2025-05-16,18:30,A010,McDonnell Douglas MD-11,8,34,251,3990.00,293,293
9031,GRU,YYZ,2025-05-16,19:00,A001,Boeing 787-9,8,30,200,2490.00,238,238
9032,YYZ,NRT,2025-05-16,20:30,A002,Airbus A350-900,10,24,253,3090.00,287,287
9033,BER,YYZ,2025-05-16,21:45,A003,Boeing 777-300ER,12,40,300,1890.00,352,352
9034,NRT,BER,2025-05-16,23:00,A004,Boeing 737-800,8,24,157,2700.00,189,189
9035,HKT,SYD,2025-05-16,23:50,A005,Airbus A320,4,12,164,1434.00,180,180

8602,HKT,BKK,2025-05-15,06:45,A002,Airbus A350-900,10,24,253,67.50,287,287
8603,BKK,SYD,2025-05-15,07:30,A003,Boeing 777-300ER,12,40,300,2256.00,352,352
8604,SYD,BKK,2025-05-15,08:30,A004,Boeing 737-800,8,24,157,2256.00,189,189
8605,BKK,NRT,2025-05-15,09:15,A005,Airbus A320,4,12,164,1380.00,180,180
8606,NRT,BKK,2025-05-15,10:00,A006,Boeing 777X,12,40,268,1380.00,320,320
8607,NRT,BER,2025-05-15,10:45,A007,Airbus A330-900neo,8,36,243,2700.00,287,287
8608,BER,NRT,2025-05-15,11:30,A008,Boeing 757-300,6,30,207,2700.00,243,243
8609,BER,BKK,2025-05-15,12:15,A009,Airbus A310,10,28,242,2580.00,280,280
8610,BKK,BER,2025-05-15,13:00,A010,McDonnell Douglas MD-11,8,34,251,2580.00,293,293
8611,HKT,SYD,2025-05-15,13:45,A001,Boeing 787-9,8,30,200,1434.00,238,238
8612,SYD,HKT,2025-05-15,14:30,A002,Airbus A350-900,10,24,253,1434.00,287,287
8613,SYD,GRU,2025-05-15,15:15,A003,Boeing 777-300ER,12,40,300,3990.00,352,352
8614,GRU,SYD,2025-05-15,16:00,A004,Boeing 737-800,8,24,157,3990.00,189,189
8615,GRU,YYZ,2025-05-15,16:45,A005,Airbus A320,4,12,164,2490.00,180,180
8616,YYZ,GRU,2025-05-15,17:30,A006,Boeing 777X,12,40,268,2490.00,320,320
8617,YYZ,BER,2025-05-15,18:15,A007,Airbus A330-900neo,8,36,243,1890.00,287,287
8618,BER,YYZ,2025-05-15,19:00,A008,Boeing 757-300,6,30,207,1890.00,243,243
8619,YYZ,NRT,2025-05-15,19:45,A009,Airbus A310,10,28,242,3090.00,280,280
8620,NRT,YYZ,2025-05-15,20:30,A010,McDonnell Douglas MD-11,8,34,251,3090.00,293,293
8621,BKK,HKT,2025-05-15,21:00,A001,Boeing 787-9,8,30,200,67.50,238,238
8622,HKT,BKK,2025-05-15,21:45,A002,Airbus A350-900,10,24,253,67.50,287,287
8623,BKK,NRT,2025-05-15,22:30,A003,Boeing 777-300ER,12,40,300,1380.00,352,352
8624,NRT,BER,2025-05-15,23:15,A004,Boeing 737-800,8,24,157,2700.00,189,189
8625,BER,BKK,2025-05-15,23:55,A005,Airbus A320,4,12,164,2580.00,180,180
8626,HKT,SYD,2025-05-15,06:30,A006,Boeing 777X,12,40,268,1434.00,320,320
8627,SYD,HKT,2025-05-15,07:15,A007,Airbus A330-900neo,8,36,243,1434.00,287,287
8628,SYD,GRU,2025-05-15,08:00,A008,Boeing 757-300,6,30,207,3990.00,243,243
8629,GRU,SYD,2025-05-15,08:45,A009,Airbus A310,10,28,242,3990.00,280,280
8630,GRU,YYZ,2025-05-15,09:30,A010,McDonnell Douglas MD-11,8,34,251,2490.00,293,293
8631,BKK,BER,2025-05-15,10:15,A001,Boeing 787-9,8,30,200,2580.00,238,238
8632,BER,BKK,2025-05-15,11:00,A002,Airbus A350-900,10,24,253,2580.00,287,287
8633,BKK,NRT,2025-05-15,11:45,A003,Boeing 777-300ER,12,40,300,1380.00,352,352
8634,NRT,BKK,2025-05-15,12:30,A004,Boeing 737-800,8,24,157,1380.00,189,189
8635,NRT,BER,2025-05-15,13:15,A005,Airbus A320,4,12,164,2700.00,180,180
8701,BKK,HKT,2025-05-16,06:00,A006,Boeing 777X,12,40,268,67.50,320,320
8702,HKT,BKK,2025-05-16,06:45,A007,Airbus A330-900neo,8,36,243,67.50,287,287
8703,BKK,NRT,2025-05-16,07:30,A008,Boeing 757-300,6,30,207,1380.00,243,243
8704,NRT,BKK,2025-05-16,08:15,A009,Airbus A310,10,28,242,1380.00,280,280
8705,BKK,SYD,2025-05-16,09:00,A010,McDonnell Douglas MD-11,8,34,251,2256.00,293,293
8706,SYD,BKK,2025-05-16,09:45,A001,Boeing 787-9,8,30,200,2256.00,238,238
8707,BKK,BER,2025-05-16,10:30,A002,Airbus A350-900,10,24,253,2580.00,287,287
8708,BER,BKK,2025-05-16,11:15,A003,Boeing 777-300ER,12,40,300,2580.00,352,352
8709,NRT,YYZ,2025-05-16,12:00,A004,Boeing 737-800,8,24,157,3090.00,189,189
8710,YYZ,NRT,2025-05-16,12:45,A005,Airbus A320,4,12,164,3090.00,180,180
8711,YYZ,BER,2025-05-16,13:30,A006,Boeing 777X,12,40,268,1890.00,320,320
8712,BER,YYZ,2025-05-16,14:15,A007,Airbus A330-900neo,8,36,243,1890.00,287,287
8713,GRU,YYZ,2025-05-16,15:00,A008,Boeing 757-300,6,30,207,2490.00,243,243
8714,YYZ,GRU,2025-05-16,15:45,A009,Airbus A310,10,28,242,2490.00,280,280
8715,SYD,GRU,2025-05-16,16:30,A010,McDonnell Douglas MD-11,8,34,251,3990.00,293,293
8716,GRU,SYD,2025-05-16,17:15,A001,Boeing 787-9,8,30,200,3990.00,238,238
8717,HKT,SYD,2025-05-16,18:00,A002,Airbus A350-900,10,24,253,1434.00,287,287
8718,SYD,HKT,2025-05-16,18:45,A003,Boeing 777-300ER,12,40,300,1434.00,352,352
8719,NRT,BER,2025-05-16,19:30,A004,Boeing 737-800,8,24,157,2700.00,189,189
8720,BER,NRT,2025-05-16,20:15,A005,Airbus A320,4,12,164,2700.00,180,180
8721,HKT,BKK,2025-05-16,21:00,A006,Boeing 777X,12,40,268,67.50,320,320
8722,BKK,HKT,2025-05-16,21:45,A007,Airbus A330-900neo,8,36,243,67.50,287,287
8723,BKK,BER,2025-05-16,06:00,A008,Boeing 757-300,6,30,207,2580.00,243,243
8724,BER,BKK,2025-05-16,06:45,A009,Airbus A310,10,28,242,2580.00,280,280
8725,NRT,BKK,2025-05-16,07:30,A010,McDonnell Douglas MD-11,8,34,251,1380.00,293,293
8726,BKK,NRT,2025-05-16,08:15,A001,Boeing 787-9,8,30,200,1380.00,238,238
8727,NRT,YYZ,2025-05-16,09:00,A002,Airbus A350-900,10,24,253,3090.00,287,287
8728,YYZ,NRT,2025-05-16,09:45,A003,Boeing 777-300ER,12,40,300,3090.00,352,352
8729,HKT,SYD,2025-05-16,10:30,A004,Boeing 737-800,8,24,157,1434.00,189,189
8730,SYD,HKT,2025-05-16,11:15,A005,Airbus A320,4,12,164,1434.00,180,180
8731,YYZ,BER,2025-05-16,12:00,A006,Boeing 777X,12,40,268,1890.00,320,320
8732,BER,YYZ,2025-05-16,12:45,A007,Airbus A330-900neo,8,36,243,1890.00,287,287
8733,BKK,SYD,2025-05-16,13:30,A008,Boeing 757-300,6,30,207,2256.00,243,243
8734,SYD,BKK,2025-05-16,14:15,A009,Airbus A310,10,28,242,2256.00,280,280
8735,GRU,YYZ,2025-05-16,15:00,A010,McDonnell Douglas MD-11,8,34,251,2490.00,293,293
8801,BKK,HKT,2025-05-17,06:00,A001,Boeing 787-9,8,30,200,67.50,238,238
8802,HKT,BKK,2025-05-17,06:45,A002,Airbus A350-900,10,24,253,67.50,287,287
8803,BKK,SYD,2025-05-17,07:30,A003,Boeing 777-300ER,12,40,300,2256.00,352,352
8804,SYD,BKK,2025-05-17,08:15,A004,Boeing 737-800,8,24,157,2256.00,189,189
8805,BKK,NRT,2025-05-17,09:00,A005,Airbus A320,4,12,164,1380.00,180,180
8806,NRT,BKK,2025-05-17,09:45,A006,Boeing 777X,12,40,268,1380.00,320,320
8807,BKK,BER,2025-05-17,10:30,A007,Airbus A330-900neo,8,36,243,2580.00,287,287
8808,BER,BKK,2025-05-17,11:15,A008,Boeing 757-300,6,30,207,2580.00,243,243
8809,HKT,SYD,2025-05-17,12:00,A009,Airbus A310,10,28,242,1434.00,280,280
8810,SYD,HKT,2025-05-17,12:45,A010,McDonnell Douglas MD-11,8,34,251,1434.00,293,293
8811,NRT,YYZ,2025-05-17,13:30,A001,Boeing 787-9,8,30,200,3090.00,238,238
8812,YYZ,NRT,2025-05-17,14:15,A002,Airbus A350-900,10,24,253,3090.00,287,287
8813,YYZ,BER,2025-05-17,15:00,A003,Boeing 777-300ER,12,40,300,1890.00,352,352
8814,BER,YYZ,2025-05-17,15:45,A004,Boeing 737-800,8,24,157,1890.00,189,189
8815,GRU,YYZ,2025-05-17,16:30,A005,Airbus A320,4,12,164,2490.00,180,180
8816,YYZ,GRU,2025-05-17,17:15,A006,Boeing 777X,12,40,268,2490.00,320,320
8817,GRU,SYD,2025-05-17,18:00,A007,Airbus A330-900neo,8,36,243,3990.00,287,287
8818,SYD,GRU,2025-05-17,18:45,A008,Boeing 757-300,6,30,207,3990.00,243,243
8819,BKK,HKT,2025-05-17,19:30,A009,Airbus A310,10,28,242,67.50,280,280
8820,HKT,BKK,2025-05-17,20:15,A010,McDonnell Douglas MD-11,8,34,251,67.50,293,293
8821,NRT,BER,2025-05-17,21:00,A001,Boeing 787-9,8,30,200,2700.00,238,238
8822,BER,NRT,2025-05-17,21:45,A002,Airbus A350-900,10,24,253,2700.00,287,287
8823,BKK,NRT,2025-05-17,06:00,A003,Boeing 777-300ER,12,40,300,1380.00,352,352
8824,NRT,BKK,2025-05-17,06:45,A004,Boeing 737-800,8,24,157,1380.00,189,189
8825,BKK,SYD,2025-05-17,07:30,A005,Airbus A320,4,12,164,2256.00,180,180
8826,SYD,BKK,2025-05-17,08:15,A006,Boeing 777X,12,40,268,2256.00,320,320
8827,BKK,BER,2025-05-17,09:00,A007,Airbus A330-900neo,8,36,243,2580.00,287,287
8828,BER,BKK,2025-05-17,09:45,A008,Boeing 757-300,6,30,207,2580.00,243,243
8829,HKT,SYD,2025-05-17,10:30,A009,Airbus A310,10,28,242,1434.00,280,280
8830,SYD,HKT,2025-05-17,11:15,A010,McDonnell Douglas MD-11,8,34,251,1434.00,293,293
8831,NRT,YYZ,2025-05-17,12:00,A001,Boeing 787-9,8,30,200,3090.00,238,238
8832,YYZ,NRT,2025-05-17,12:45,A002,Airbus A350-900,10,24,253,3090.00,287,287
8833,YYZ,BER,2025-05-17,13:30,A003,Boeing 777-300ER,12,40,300,1890.00,352,352
8834,BER,YYZ,2025-05-17,14:15,A004,Boeing 737-800,8,24,157,1890.00,189,189
8835,BKK,HKT,2025-05-17,15:00,A005,Airbus A320,4,12,164,67.50,180,180
8836,HKT,SYD,2025-05-17,06:00,A006,Boeing 777X,12,40,268,1434.00,320,320
8837,SYD,HKT,2025-05-17,06:45,A007,Airbus A330-900neo,8,36,243,1434.00,287,287
8838,BKK,NRT,2025-05-17,07:30,A008,Boeing 757-300,6,30,207,1380.00,243,243
8839,NRT,BKK,2025-05-17,08:15,A009,Airbus A310,10,28,242,1380.00,280,280
8840,BKK,BER,2025-05-17,09:00,A010,McDonnell Douglas MD-11,8,34,251,2580.00,293,293
8841,BER,BKK,2025-05-17,09:45,A001,Boeing 787-9,8,30,200,2580.00,238,238
8842,BKK,HKT,2025-05-17,10:30,A002,Airbus A350-900,10,24,253,67.50,287,287
8843,HKT,BKK,2025-05-17,11:15,A003,Boeing 777-300ER,12,40,300,67.50,352,352
8844,BKK,SYD,2025-05-17,12:00,A004,Boeing 737-800,8,24,157,2256.00,189,189
8845,SYD,BKK,2025-05-17,12:45,A005,Airbus A320,4,12,164,2256.00,180,180
8846,NRT,BER,2025-05-17,13:30,A006,Boeing 777X,12,40,268,2700.00,320,320
8847,BER,NRT,2025-05-17,14:15,A007,Airbus A330-900neo,8,36,243,2700.00,287,287
8848,NRT,YYZ,2025-05-17,15:00,A008,Boeing 757-300,6,30,207,3090.00,243,243
8849,YYZ,NRT,2025-05-17,15:45,A009,Airbus A310,10,28,242,3090.00,280,280
8850,YYZ,BER,2025-05-17,16:30,A010,McDonnell Douglas MD-11,8,34,251,1890.00,293,293
8851,BER,YYZ,2025-05-17,17:15,A001,Boeing 787-9,8,30,200,1890.00,238,238
8852,YYZ,GRU,2025-05-17,18:00,A002,Airbus A350-900,10,24,253,2490.00,287,287
8853,GRU,YYZ,2025-05-17,18:45,A003,Boeing 777-300ER,12,40,300,2490.00,352,352
8854,GRU,SYD,2025-05-17,19:30,A004,Boeing 737-800,8,24,157,3990.00,189,189
8855,SYD,GRU,2025-05-17,20:15,A005,Airbus A320,4,12,164,3990.00,180,180
8856,NRT,BER,2025-05-17,21:00,A006,Boeing 777X,12,40,268,2700.00,320,320
8857,BKK,HKT,2025-05-17,21:45,A007,Airbus A330-900neo,8,36,243,67.50,287,287
8858,HKT,BKK,2025-05-17,06:00,A008,Boeing 757-300,6,30,207,67.50,243,243
8859,BKK,SYD,2025-05-17,06:45,A009,Airbus A310,10,28,242,2256.00,280,280
8860,SYD,BKK,2025-05-17,07:30,A010,McDonnell Douglas MD-11,8,34,251,2256.00,293,293
8861,NRT,BKK,2025-05-17,08:15,A001,Boeing 787-9,8,30,200,1380.00,238,238
8862,BKK,NRT,2025-05-17,09:00,A002,Airbus A350-900,10,24,253,1380.00,287,287
8863,HKT,SYD,2025-05-17,09:45,A003,Boeing 777-300ER,12,40,300,1434.00,352,352
8864,SYD,HKT,2025-05-17,10:30,A004,Boeing 737-800,8,24,157,1434.00,189,189
8865,BER,NRT,2025-05-17,11:15,A005,Airbus A320,4,12,164,2700.00,180,180
8866,NRT,YYZ,2025-05-17,12:00,A006,Boeing 777X,12,40,268,3090.00,320,320
8867,YYZ,BER,2025-05-17,12:45,A007,Airbus A330-900neo,8,36,243,1890.00,287,287
8868,YYZ,GRU,2025-05-17,13:30,A008,Boeing 757-300,6,30,207,2490.00,243,243
8869,GRU,YYZ,2025-05-17,14:15,A009,Airbus A310,10,28,242,2490.00,280,280
8870,BER,BKK,2025-05-17,15:00,A010,McDonnell Douglas MD-11,8,34,251,2580.00,293,293
8871,BKK,HKT,2025-05-18,06:00,A001,Boeing 787-9,8,30,200,67.50,238,238
8872,HKT,BKK,2025-05-18,06:45,A002,Airbus A350-900,10,24,253,67.50,287,287
8873,BKK,NRT,2025-05-18,07:30,A003,Boeing 777-300ER,12,40,300,1380.00,352,352
8874,NRT,BKK,2025-05-18,08:15,A004,Boeing 737-800,8,24,157,1380.00,189,189
8875,BKK,BER,2025-05-18,09:00,A005,Airbus A320,4,12,164,2580.00,180,180
8876,BER,BKK,2025-05-18,09:45,A006,Boeing 777X,12,40,268,2580.00,320,320
8877,BKK,SYD,2025-05-18,10:30,A007,Airbus A330-900neo,8,36,243,2256.00,287,287
8878,SYD,BKK,2025-05-18,11:15,A008,Boeing 757-300,6,30,207,2256.00,243,243
8879,NRT,YYZ,2025-05-18,12:00,A009,Airbus A310,10,28,242,3090.00,280,280
8880,YYZ,NRT,2025-05-18,12:45,A010,McDonnell Douglas MD-11,8,34,251,3090.00,293,293
8881,YYZ,GRU,2025-05-18,13:30,A001,Boeing 787-9,8,30,200,2490.00,238,238
8882,GRU,YYZ,2025-05-18,14:15,A002,Airbus A350-900,10,24,253,2490.00,287,287
8883,YYZ,BER,2025-05-18,15:00,A003,Boeing 777-300ER,12,40,300,1890.00,352,352
8884,BER,YYZ,2025-05-18,15:45,A004,Boeing 737-800,8,24,157,1890.00,189,189
8885,HKT,SYD,2025-05-18,16:30,A005,Airbus A320,4,12,164,1434.00,180,180
8886,SYD,HKT,2025-05-18,17:15,A006,Boeing 777X,12,40,268,1434.00,320,320
8887,BER,NRT,2025-05-18,18:00,A007,Airbus A330-900neo,8,36,243,2700.00,287,287
8888,NRT,BER,2025-05-18,18:45,A008,Boeing 757-300,6,30,207,2700.00,243,243
8889,GRU,SYD,2025-05-18,19:30,A009,Airbus A310,10,28,242,3990.00,280,280
8890,SYD,GRU,2025-05-18,20:15,A010,McDonnell Douglas MD-11,8,34,251,3990.00,293,293
8891,BKK,HKT,2025-05-18,06:15,A001,Boeing 787-9,8,30,200,67.50,238,238
8892,HKT,BKK,2025-05-18,07:00,A002,Airbus A350-900,10,24,253,67.50,287,287
8893,BKK,SYD,2025-05-18,07:45,A003,Boeing 777-300ER,12,40,300,2256.00,352,352
8894,SYD,BKK,2025-05-18,08:30,A004,Boeing 737-800,8,24,157,2256.00,189,189
8895,NRT,BKK,2025-05-18,09:15,A005,Airbus A320,4,12,164,1380.00,180,180
8896,BKK,NRT,2025-05-18,10:00,A006,Boeing 777X,12,40,268,1380.00,320,320
8897,HKT,SYD,2025-05-18,10:45,A007,Airbus A330-900neo,8,36,243,1434.00,287,287
8898,SYD,HKT,2025-05-18,11:30,A008,Boeing 757-300,6,30,207,1434.00,243,243
8899,NRT,BER,2025-05-18,12:15,A009,Airbus A310,10,28,242,2700.00,280,280
8900,BER,NRT,2025-05-18,13:00,A010,McDonnell Douglas MD-11,8,34,251,2700.00,293,293
8901,NRT,YYZ,2025-05-18,13:45,A001,Boeing 787-9,8,30,200,3090.00,238,238
8902,YYZ,NRT,2025-05-18,14:30,A002,Airbus A350-900,10,24,253,3090.00,287,287
8903,BER,BKK,2025-05-18,15:15,A003,Boeing 777-300ER,12,40,300,2580.00,352,352
8904,BKK,BER,2025-05-18,16:00,A004,Boeing 737-800,8,24,157,2580.00,189,189
8905,HKT,SYD,2025-05-18,05:00,A005,Airbus A320,4,12,164,1434.00,180,180
8906,SYD,HKT,2025-05-18,06:00,A006,Boeing 777X,12,40,268,1434.00,320,320
8907,NRT,BER,2025-05-18,07:00,A007,Airbus A330-900neo,8,36,243,2700.00,287,287
8908,BER,NRT,2025-05-18,08:00,A008,Boeing 757-300,6,30,207,2700.00,243,243
8909,GRU,YYZ,2025-05-18,09:00,A009,Airbus A310,10,28,242,2490.00,280,280
8910,YYZ,GRU,2025-05-18,10:00,A010,McDonnell Douglas MD-11,8,34,251,2490.00,293,293
8911,BER,YYZ,2025-05-18,11:00,A001,Boeing 787-9,8,30,200,1890.00,238,238
8912,YYZ,BER,2025-05-18,12:00,A002,Airbus A350-900,10,24,253,1890.00,287,287
8913,BKK,NRT,2025-05-18,13:00,A003,Boeing 777-300ER,12,40,300,1380.00,352,352
8914,NRT,BKK,2025-05-18,14:00,A004,Boeing 737-800,8,24,157,1380.00,189,189
8915,HKT,BKK,2025-05-18,15:00,A005,Airbus A320,4,12,164,67.50,180,180
8916,BKK,HKT,2025-05-18,16:00,A006,Boeing 777X,12,40,268,67.50,320,320
8917,BKK,BER,2025-05-18,17:00,A007,Airbus A330-900neo,8,36,243,2580.00,287,287
8918,BER,BKK,2025-05-18,18:00,A008,Boeing 757-300,6,30,207,2580.00,243,243
8919,SYD,GRU,2025-05-18,19:00,A009,Airbus A310,10,28,242,3990.00,280,280
8920,GRU,SYD,2025-05-18,20:00,A010,McDonnell Douglas MD-11,8,34,251,3990.00,293,293
8921,BKK,SYD,2025-05-18,06:30,A001,Boeing 787-9,8,30,200,2256.00,238,238
8922,SYD,BKK,2025-05-18,07:30,A002,Airbus A350-900,10,24,253,2256.00,287,287
8923,HKT,SYD,2025-05-18,08:30,A003,Boeing 777-300ER,12,40,300,1434.00,352,352
8924,SYD,HKT,2025-05-18,09:30,A004,Boeing 737-800,8,24,157,1434.00,189,189
8925,NRT,YYZ,2025-05-18,10:30,A005,Airbus A320,4,12,164,3090.00,180,180
8926,YYZ,NRT,2025-05-18,11:30,A006,Boeing 777X,12,40,268,3090.00,320,320
8927,BER,NRT,2025-05-18,12:30,A007,Airbus A330-900neo,8,36,243,2700.00,287,287
8928,NRT,BER,2025-05-18,13:30,A008,Boeing 757-300,6,30,207,2700.00,243,243
8929,BKK,NRT,2025-05-18,14:30,A009,Airbus A310,10,28,242,1380.00,280,280
8930,NRT,BKK,2025-05-18,15:30,A010,McDonnell Douglas MD-11,8,34,251,1380.00,293,293
8931,BKK,HKT,2025-05-18,16:30,A001,Boeing 787-9,8,30,200,67.50,238,238
8932,HKT,BKK,2025-05-18,17:30,A002,Airbus A350-900,10,24,253,67.50,287,287
8933,HKT,SYD,2025-05-18,18:30,A003,Boeing 777-300ER,12,40,300,1434.00,352,352
8934,SYD,HKT,2025-05-18,19:30,A004,Boeing 737-800,8,24,157,1434.00,189,189
8935,BKK,BER,2025-05-18,20:30,A005,Airbus A320,4,12,164,2580.00,180,180
8936,BER,BKK,2025-05-18,21:30,A006,Boeing 777X,12,40,268,2580.00,320,320
8937,YYZ,BER,2025-05-18,22:30,A007,Airbus A330-900neo,8,36,243,1890.00,287,287
8938,BER,YYZ,2025-05-18,23:30,A008,Boeing 757-300,6,30,207,1890.00,243,243
5019,HKT,BKK,2025-05-19,05:00,A010,McDonnell Douglas MD-11,8,34,251,67.50,293,293
5020,BKK,HKT,2025-05-19,05:30,A007,Airbus A330-900neo,8,36,243,67.50,287,287
5021,BKK,NRT,2025-05-19,06:00,A002,Airbus A350-900,10,24,253,460.00,287,287
5022,NRT,BKK,2025-05-19,07:00,A001,Boeing 787-9,8,30,200,460.00,238,238
5023,BKK,BER,2025-05-19,07:30,A003,Boeing 777-300ER,12,40,300,860.00,352,352
5024,BER,BKK,2025-05-19,08:00,A006,Boeing 777X,12,40,268,860.00,320,320
5025,NRT,BER,2025-05-19,08:30,A009,Airbus A310,10,28,242,900.00,280,280
5026,BER,NRT,2025-05-19,09:00,A010,McDonnell Douglas MD-11,8,34,251,900.00,293,293
5027,BKK,SYD,2025-05-19,09:30,A002,Airbus A350-900,10,24,253,752.00,287,287
5028,SYD,BKK,2025-05-19,10:00,A001,Boeing 787-9,8,30,200,752.00,238,238
5029,HKT,SYD,2025-05-19,10:30,A008,Boeing 757-300,6,30,207,717.00,243,243
5030,SYD,HKT,2025-05-19,11:00,A004,Boeing 737-800,8,24,157,717.00,189,189
5031,YYZ,GRU,2025-05-19,11:30,A005,Airbus A320,4,12,164,830.00,180,180
5032,GRU,YYZ,2025-05-19,12:00,A007,Airbus A330-900neo,8,36,243,830.00,287,287
5033,BER,YYZ,2025-05-19,12:30,A006,Boeing 777X,12,40,268,630.00,320,320
5034,YYZ,BER,2025-05-19,13:00,A009,Airbus A310,10,28,242,630.00,280,280
5035,NRT,YYZ,2025-05-19,13:30,A003,Boeing 777-300ER,12,40,300,1030.00,352,352
5036,YYZ,NRT,2025-05-19,14:00,A010,McDonnell Douglas MD-11,8,34,251,1030.00,293,293
5037,GRU,SYD,2025-05-19,14:30,A004,Boeing 737-800,8,24,157,1330.00,189,189
5038,SYD,GRU,2025-05-19,15:00,A005,Airbus A320,4,12,164,1330.00,180,180
5039,BKK,HKT,2025-05-19,15:30,A001,Boeing 787-9,8,30,200,67.50,238,238
5040,HKT,BKK,2025-05-19,16:00,A002,Airbus A350-900,10,24,253,67.50,287,287
5041,BKK,BER,2025-05-19,16:30,A006,Boeing 777X,12,40,268,860.00,320,320
5042,BER,BKK,2025-05-19,17:00,A008,Boeing 757-300,6,30,207,860.00,243,243
5043,BKK,NRT,2025-05-19,17:30,A007,Airbus A330-900neo,8,36,243,460.00,287,287
5044,NRT,BKK,2025-05-19,18:00,A003,Boeing 777-300ER,12,40,300,460.00,352,352
5045,NRT,BER,2025-05-19,18:30,A004,Boeing 737-800,8,24,157,900.00,189,189
5046,BER,NRT,2025-05-19,19:00,A009,Airbus A310,10,28,242,900.00,280,280
5047,SYD,BKK,2025-05-19,19:30,A010,McDonnell Douglas MD-11,8,34,251,752.00,293,293
5048,BKK,SYD,2025-05-19,20:00,A005,Airbus A320,4,12,164,752.00,180,180
5049,GRU,YYZ,2025-05-19,20:30,A002,Airbus A350-900,10,24,253,830.00,287,287
5050,YYZ,GRU,2025-05-19,21:00,A001,Boeing 787-9,8,30,200,830.00,238,238
5051,BER,YYZ,2025-05-19,21:30,A006,Boeing 777X,12,40,268,630.00,320,320
5052,YYZ,BER,2025-05-19,22:00,A003,Boeing 777-300ER,12,40,300,630.00,352,352
5053,HKT,BKK,2025-05-19,22:30,A004,Boeing 737-800,8,24,157,67.50,189,189
5054,BKK,HKT,2025-05-19,23:00,A007,Airbus A330-900neo,8,36,243,67.50,287,287
5055,NRT,YYZ,2025-05-19,00:00,A008,Boeing 757-300,6,30,207,1030.00,243,243
5056,YYZ,NRT,2025-05-19,00:30,A009,Airbus A310,10,28,242,1030.00,280,280
5057,YYZ,GRU,2025-05-19,01:00,A010,McDonnell Douglas MD-11,8,34,251,830.00,293,293
5058,GRU,YYZ,2025-05-19,01:30,A006,Boeing 777X,12,40,268,830.00,320,320
5059,YYZ,BER,2025-05-19,02:00,A003,Boeing 777-300ER,12,40,300,630.00,352,352
5060,BER,YYZ,2025-05-19,02:30,A005,Airbus A320,4,12,164,630.00,180,180
5061,GRU,SYD,2025-05-19,03:00,A001,Boeing 787-9,8,30,200,1330.00,238,238
5062,SYD,GRU,2025-05-19,03:30,A002,Airbus A350-900,10,24,253,1330.00,287,287
5063,BKK,NRT,2025-05-19,04:00,A004,Boeing 737-800,8,24,157,460.00,189,189
5064,NRT,BKK,2025-05-19,04:30,A007,Airbus A330-900neo,8,36,243,460.00,287,287
5065,BKK,HKT,2025-05-19,05:00,A008,Boeing 757-300,6,30,207,67.50,243,243
5066,HKT,BKK,2025-05-19,05:30,A009,Airbus A310,10,28,242,67.50,280,280
5067,BKK,SYD,2025-05-19,06:00,A010,McDonnell Douglas MD-11,8,34,251,752.00,293,293
5068,SYD,BKK,2025-05-19,06:30,A006,Boeing 777X,12,40,268,752.00,320,320
5069,BKK,BER,2025-05-19,07:00,A003,Boeing 777-300ER,12,40,300,860.00,352,352
5070,BER,BKK,2025-05-19,07:30,A004,Boeing 737-800,8,24,157,860.00,189,189
5071,NRT,BER,2025-05-19,08:00,A005,Airbus A320,4,12,164,900.00,180,180
5072,BER,NRT,2025-05-19,08:30,A001,Boeing 787-9,8,30,200,900.00,238,238
5073,YYZ,BER,2025-05-19,09:00,A002,Airbus A350-900,10,24,253,630.00,287,287
5074,BER,YYZ,2025-05-19,09:30,A007,Airbus A330-900neo,8,36,243,630.00,287,287
5075,HKT,SYD,2025-05-19,10:00,A008,Boeing 757-300,6,30,207,717.00,243,243
5076,SYD,HKT,2025-05-19,10:30,A009,Airbus A310,10,28,242,717.00,280,280
5077,GRU,YYZ,2025-05-19,11:00,A010,McDonnell Douglas MD-11,8,34,251,830.00,293,293
5078,YYZ,GRU,2025-05-19,11:30,A006,Boeing 777X,12,40,268,830.00,320,320
5079,SYD,BKK,2025-05-19,12:00,A003,Boeing 777-300ER,12,40,300,752.00,352,352
5080,BKK,SYD,2025-05-19,12:30,A004,Boeing 737-800,8,24,157,752.00,189,189
5081,HKT,BKK,2025-05-19,13:00,A005,Airbus A320,4,12,164,67.50,180,180
5082,BKK,HKT,2025-05-19,13:30,A001,Boeing 787-9,8,30,200,67.50,238,238
5083,NRT,BER,2025-05-19,14:00,A002,Airbus A350-900,10,24,253,900.00,287,287
5084,BER,NRT,2025-05-19,14:30,A007,Airbus A330-900neo,8,36,243,900.00,287,287
5085,NRT,YYZ,2025-05-19,15:00,A008,Boeing 757-300,6,30,207,1030.00,243,243
5086,YYZ,NRT,2025-05-19,15:30,A009,Airbus A310,10,28,242,1030.00,280,280
5087,BKK,BER,2025-05-19,16:00,A010,McDonnell Douglas MD-11,8,34,251,860.00,293,293
5088,BER,BKK,2025-05-19,16:30,A006,Boeing 777X,12,40,268,860.00,320,320
5089,SYD,GRU,2025-05-19,17:00,A003,Boeing 777-300ER,12,40,300,1330.00,352,352
5090,GRU,SYD,2025-05-19,17:30,A004,Boeing 737-800,8,24,157,1330.00,189,189
20301,BKK,HKT,2025-05-20,06:15,A001,Boeing 787-9,8,30,200,67.50,238,238
20302,HKT,BKK,2025-05-20,07:45,A002,Airbus A350-900,10,24,253,67.50,287,287
20303,BKK,NRT,2025-05-20,08:00,A004,Boeing 737-800,8,24,157,460.00,189,189
20304,NRT,BKK,2025-05-20,09:00,A005,Airbus A320,4,12,164,460.00,180,180
20305,BKK,BER,2025-05-20,10:15,A006,Boeing 777X,12,40,268,860.00,320,320
20306,BER,BKK,2025-05-20,11:30,A007,Airbus A330-900neo,8,36,243,860.00,287,287
20307,HKT,SYD,2025-05-20,06:30,A008,Boeing 757-300,6,30,207,717.00,243,243
20308,SYD,HKT,2025-05-20,08:15,A009,Airbus A310,10,28,242,717.00,280,280
20309,SYD,GRU,2025-05-20,09:00,A010,McDonnell Douglas MD-11,8,34,251,1330.00,293,293
20310,GRU,SYD,2025-05-20,11:00,A001,Boeing 787-9,8,30,200,1330.00,238,238
20311,NRT,YYZ,2025-05-20,07:30,A002,Airbus A350-900,10,24,253,1030.00,287,287
20312,YYZ,NRT,2025-05-20,08:45,A004,Boeing 737-800,8,24,157,1030.00,189,189
20313,NRT,BER,2025-05-20,06:00,A005,Airbus A320,4,12,164,900.00,180,180
20314,BER,NRT,2025-05-20,07:15,A006,Boeing 777X,12,40,268,900.00,320,320
20315,YYZ,GRU,2025-05-20,09:45,A007,Airbus A330-900neo,8,36,243,830.00,287,287
20316,GRU,YYZ,2025-05-20,10:30,A008,Boeing 757-300,6,30,207,830.00,243,243
20317,BER,YYZ,2025-05-20,07:00,A009,Airbus A310,10,28,242,630.00,280,280
20318,YYZ,BER,2025-05-20,08:00,A010,McDonnell Douglas MD-11,8,34,251,630.00,293,293
20319,BKK,SYD,2025-05-20,06:45,A001,Boeing 787-9,8,30,200,752.00,238,238
20320,SYD,BKK,2025-05-20,08:00,A002,Airbus A350-900,10,24,253,752.00,287,287
20321,BKK,NRT,2025-05-20,09:30,A004,Boeing 737-800,8,24,157,460.00,189,189
20322,NRT,BKK,2025-05-20,10:45,A005,Airbus A320,4,12,164,460.00,180,180
20323,HKT,BKK,2025-05-20,11:00,A006,Boeing 777X,12,40,268,67.50,320,320
20324,BKK,HKT,2025-05-20,12:00,A007,Airbus A330-900neo,8,36,243,67.50,287,287
20325,BKK,BER,2025-05-20,13:30,A008,Boeing 757-300,6,30,207,860.00,243,243
20326,BER,BKK,2025-05-20,14:30,A009,Airbus A310,10,28,242,860.00,280,280
20327,HKT,SYD,2025-05-20,15:00,A010,McDonnell Douglas MD-11,8,34,251,717.00,293,293
20328,SYD,HKT,2025-05-20,16:00,A001,Boeing 787-9,8,30,200,717.00,238,238
20329,SYD,GRU,2025-05-20,17:00,A002,Airbus A350-900,10,24,253,1330.00,287,287
20330,GRU,SYD,2025-05-20,18:30,A004,Boeing 737-800,8,24,157,1330.00,189,189
20331,NRT,YYZ,2025-05-20,06:45,A005,Airbus A320,4,12,164,1030.00,180,180
20332,YYZ,NRT,2025-05-20,07:30,A006,Boeing 777X,12,40,268,1030.00,320,320
20333,NRT,BER,2025-05-20,08:30,A007,Airbus A330-900neo,8,36,243,900.00,287,287
20334,BER,NRT,2025-05-20,09:45,A008,Boeing 757-300,6,30,207,900.00,243,243
20335,YYZ,GRU,2025-05-20,10:00,A009,Airbus A310,10,28,242,830.00,280,280
20336,BKK,HKT,2025-05-20,13:45,A003,Boeing 777-300ER,12,40,300,67.50,352,352
20337,HKT,BKK,2025-05-20,15:15,A006,Boeing 777X,12,40,268,67.50,320,320
20338,BKK,NRT,2025-05-20,14:30,A007,Airbus A330-900neo,8,36,243,460.00,287,287
20339,NRT,BKK,2025-05-20,16:00,A008,Boeing 757-300,6,30,207,460.00,243,243
20340,BKK,BER,2025-05-20,17:15,A009,Airbus A310,10,28,242,860.00,280,280
20341,BER,BKK,2025-05-20,18:45,A010,McDonnell Douglas MD-11,8,34,251,860.00,293,293
20342,HKT,SYD,2025-05-20,13:00,A001,Boeing 787-9,8,30,200,717.00,238,238
20343,SYD,HKT,2025-05-20,14:45,A002,Airbus A350-900,10,24,253,717.00,287,287
20344,SYD,GRU,2025-05-20,19:00,A004,Boeing 737-800,8,24,157,1330.00,189,189
20345,GRU,SYD,2025-05-20,21:00,A005,Airbus A320,4,12,164,1330.00,180,180
20346,NRT,YYZ,2025-05-20,13:30,A006,Boeing 777X,12,40,268,1030.00,320,320
20347,YYZ,NRT,2025-05-20,14:45,A007,Airbus A330-900neo,8,36,243,1030.00,287,287
20348,NRT,BER,2025-05-20,15:00,A008,Boeing 757-300,6,30,207,900.00,243,243
20349,BER,NRT,2025-05-20,16:15,A009,Airbus A310,10,28,242,900.00,280,280
20350,YYZ,GRU,2025-05-20,18:30,A010,McDonnell Douglas MD-11,8,34,251,830.00,293,293
20351,GRU,YYZ,2025-05-20,20:00,A003,Boeing 777-300ER,12,40,300,830.00,352,352
20352,BER,YYZ,2025-05-20,13:00,A004,Boeing 737-800,8,24,157,630.00,189,189
20353,YYZ,BER,2025-05-20,14:00,A005,Airbus A320,4,12,164,630.00,180,180
20354,BKK,SYD,2025-05-20,14:30,A006,Boeing 777X,12,40,268,752.00,320,320
20355,SYD,BKK,2025-05-20,16:00,A007,Airbus A330-900neo,8,36,243,752.00,287,287
20356,HKT,BKK,2025-05-20,16:45,A008,Boeing 757-300,6,30,207,67.50,243,243
20357,BKK,HKT,2025-05-20,18:15,A009,Airbus A310,10,28,242,67.50,280,280
20358,HKT,SYD,2025-05-20,19:00,A010,McDonnell Douglas MD-11,8,34,251,717.00,293,293
20359,SYD,HKT,2025-05-20,20:30,A001,Boeing 787-9,8,30,200,717.00,238,238
20360,GRU,YYZ,2025-05-20,21:30,A002,Airbus A350-900,10,24,253,830.00,287,287
20361,YYZ,NRT,2025-05-20,22:15,A004,Boeing 737-800,8,24,157,1030.00,189,189
20362,NRT,YYZ,2025-05-20,23:45,A005,Airbus A320,4,12,164,1030.00,180,180
20363,BER,NRT,2025-05-20,20:00,A006,Boeing 777X,12,40,268,900.00,320,320
20364,NRT,BER,2025-05-20,21:15,A007,Airbus A330-900neo,8,36,243,900.00,287,287
20365,YYZ,GRU,2025-05-20,22:30,A008,Boeing 757-300,6,30,207,830.00,243,243
20366,GRU,YYZ,2025-05-20,23:45,A009,Airbus A310,10,28,242,830.00,280,280
20367,BKK,HKT,2025-05-20,22:00,A010,McDonnell Douglas MD-11,8,34,251,67.50,293,293
20368,HKT,BKK,2025-05-20,23:15,A003,Boeing 777-300ER,12,40,300,67.50,352,352
20369,SYD,GRU,2025-05-20,22:00,A006,Boeing 777X,12,40,268,1330.00,320,320
20370,GRU,SYD,2025-05-20,23:59,A007,Airbus A330-900neo,8,36,243,1330.00,287,287
=======
1707,BKK,asdf,2025-05-12,10:00,A001,Boeing 787-9,8,30,200,25000.00,238,238
6000,BKK,HKT,2025-05-14,15:30,A001,Boeing 787-9,8,30,200,15910.12,238,238
6001,BKK,SYD,2025-05-14,14:00,A004,Boeing 737-800,8,24,157,16044.10,189,189
6002,BKK,NRT,2025-05-14,12:30,A001,Boeing 787-9,8,30,200,18726.58,238,238
6003,BKK,GRU,2025-05-14,09:00,A001,Boeing 787-9,8,30,200,11648.00,238,238
6004,BKK,BER,2025-05-14,11:30,A005,Airbus A320,4,12,164,7225.56,180,180
6005,BKK,YYZ,2025-05-14,08:00,A002,Airbus A350-900,10,24,253,7970.24,287,287
6006,HKT,BKK,2025-05-14,07:00,A001,Boeing 787-9,8,30,200,16507.62,238,238
6007,HKT,SYD,2025-05-14,18:30,A005,Airbus A320,4,12,164,17303.29,180,180
6008,HKT,NRT,2025-05-14,19:00,A002,Airbus A350-900,10,24,253,12917.42,287,287
6009,HKT,GRU,2025-05-14,13:30,A004,Boeing 737-800,8,24,157,17136.89,189,189
6010,HKT,BER,2025-05-14,12:00,A005,Airbus A320,4,12,164,17975.29,180,180
6011,HKT,YYZ,2025-05-14,15:30,A002,Airbus A350-900,10,24,253,14306.78,287,287
6012,SYD,BKK,2025-05-14,06:00,A005,Airbus A320,4,12,164,12747.53,180,180
6013,SYD,HKT,2025-05-14,09:00,A005,Airbus A320,4,12,164,19310.53,180,180
6014,SYD,NRT,2025-05-14,16:00,A004,Boeing 737-800,8,24,157,12705.58,189,189
6015,SYD,GRU,2025-05-14,15:00,A005,Airbus A320,4,12,164,12246.93,180,180
6016,SYD,BER,2025-05-14,16:00,A001,Boeing 787-9,8,30,200,14854.64,238,238
6017,SYD,YYZ,2025-05-14,19:30,A002,Airbus A350-900,10,24,253,9963.18,287,287
6018,NRT,BKK,2025-05-14,09:30,A002,Airbus A350-900,10,24,253,16092.75,287,287
6019,NRT,HKT,2025-05-14,11:30,A005,Airbus A320,4,12,164,19935.60,180,180
6020,NRT,SYD,2025-05-14,08:00,A004,Boeing 737-800,8,24,157,13788.69,189,189
6021,NRT,GRU,2025-05-14,21:30,A001,Boeing 787-9,8,30,200,8783.38,238,238
6022,NRT,BER,2025-05-14,08:30,A005,Airbus A320,4,12,164,15153.16,180,180
6023,NRT,YYZ,2025-05-14,18:00,A001,Boeing 787-9,8,30,200,19359.99,238,238
6024,GRU,BKK,2025-05-14,16:00,A005,Airbus A320,4,12,164,17939.83,180,176
6025,GRU,HKT,2025-05-14,11:00,A004,Boeing 737-800,8,24,157,9762.52,189,189
6026,GRU,SYD,2025-05-14,10:00,A004,Boeing 737-800,8,24,157,8635.11,189,189
6027,GRU,NRT,2025-05-14,06:00,A002,Airbus A350-900,10,24,253,16140.31,287,287
6028,GRU,BER,2025-05-14,13:30,A001,Boeing 787-9,8,30,200,16391.30,238,238
6029,GRU,YYZ,2025-05-14,12:00,A001,Boeing 787-9,8,30,200,17269.29,238,238
6030,BER,BKK,2025-05-14,14:00,A001,Boeing 787-9,8,30,200,14545.00,238,238
6031,BER,HKT,2025-05-14,09:30,A001,Boeing 787-9,8,30,200,17244.56,238,238
6032,BER,SYD,2025-05-14,11:00,A001,Boeing 787-9,8,30,200,9163.13,238,238
6033,BER,NRT,2025-05-14,21:00,A005,Airbus A320,4,12,164,17117.30,180,180
6034,BER,GRU,2025-05-14,15:00,A002,Airbus A350-900,10,24,253,19574.61,287,287
6035,BER,YYZ,2025-05-14,19:00,A002,Airbus A350-900,10,24,253,15270.94,287,287
6036,YYZ,BKK,2025-05-14,09:00,A001,Boeing 787-9,8,30,200,16151.90,238,238
6037,YYZ,HKT,2025-05-14,14:00,A004,Boeing 737-800,8,24,157,8168.42,189,189
6038,YYZ,SYD,2025-05-14,16:30,A004,Boeing 737-800,8,24,157,11720.92,189,189
6039,YYZ,NRT,2025-05-14,14:30,A001,Boeing 787-9,8,30,200,15785.00,238,238
6040,YYZ,GRU,2025-05-14,14:00,A005,Airbus A320,4,12,164,17880.60,180,180
6041,YYZ,BER,2025-05-14,16:30,A002,Airbus A350-900,10,24,253,12038.80,287,287
6042,BKK,HKT,2025-05-15,12:00,A002,Airbus A350-900,10,24,253,18916.53,287,287
6043,BKK,SYD,2025-05-15,18:00,A002,Airbus A350-900,10,24,253,13068.19,287,287
6044,BKK,NRT,2025-05-15,17:00,A004,Boeing 737-800,8,24,157,11764.67,189,179
6045,BKK,GRU,2025-05-15,14:00,A004,Boeing 737-800,8,24,157,14664.98,189,189
6046,BKK,BER,2025-05-15,15:00,A002,Airbus A350-900,10,24,253,7301.43,287,287
6047,BKK,YYZ,2025-05-15,18:00,A001,Boeing 787-9,8,30,200,18119.39,238,238
6048,HKT,BKK,2025-05-15,19:30,A001,Boeing 787-9,8,30,200,8407.82,238,238
6049,HKT,SYD,2025-05-15,09:30,A005,Airbus A320,4,12,164,13739.65,180,180
6050,HKT,NRT,2025-05-15,14:00,A004,Boeing 737-800,8,24,157,18534.20,189,189
6051,HKT,GRU,2025-05-15,18:30,A004,Boeing 737-800,8,24,157,11384.54,189,189
6052,HKT,BER,2025-05-15,18:30,A002,Airbus A350-900,10,24,253,10238.78,287,287
6053,HKT,YYZ,2025-05-15,18:00,A002,Airbus A350-900,10,24,253,10697.66,287,277
6054,SYD,BKK,2025-05-15,07:00,A004,Boeing 737-800,8,24,157,8808.79,189,189
6055,SYD,HKT,2025-05-15,12:00,A004,Boeing 737-800,8,24,157,9850.38,189,179
6056,SYD,NRT,2025-05-15,12:30,A005,Airbus A320,4,12,164,18510.45,180,180
6057,SYD,GRU,2025-05-15,08:00,A004,Boeing 737-800,8,24,157,10277.41,189,189
6058,SYD,BER,2025-05-15,07:30,A005,Airbus A320,4,12,164,8776.88,180,180
6059,SYD,YYZ,2025-05-15,19:00,A002,Airbus A350-900,10,24,253,7396.83,287,287
6060,NRT,BKK,2025-05-15,15:00,A002,Airbus A350-900,10,24,253,17197.60,287,287
6061,NRT,HKT,2025-05-15,20:00,A004,Boeing 737-800,8,24,157,18104.54,189,189
6062,NRT,SYD,2025-05-15,13:00,A002,Airbus A350-900,10,24,253,10706.72,287,287
6063,NRT,GRU,2025-05-15,14:00,A001,Boeing 787-9,8,30,200,11661.35,238,238
6064,NRT,BER,2025-05-15,14:30,A001,Boeing 787-9,8,30,200,17805.96,238,238
6065,NRT,YYZ,2025-05-15,16:30,A005,Airbus A320,4,12,164,19992.18,180,180
6066,GRU,BKK,2025-05-15,10:30,A001,Boeing 787-9,8,30,200,15830.46,238,238
6067,GRU,HKT,2025-05-15,19:00,A001,Boeing 787-9,8,30,200,19388.92,238,218
6068,GRU,SYD,2025-05-15,14:00,A005,Airbus A320,4,12,164,13908.74,180,180
6069,GRU,NRT,2025-05-15,07:30,A001,Boeing 787-9,8,30,200,15634.91,238,238
6070,GRU,BER,2025-05-15,07:30,A001,Boeing 787-9,8,30,200,17302.26,238,238
6071,GRU,YYZ,2025-05-15,08:30,A004,Boeing 737-800,8,24,157,8284.25,189,189
6072,BER,BKK,2025-05-15,17:00,A005,Airbus A320,4,12,164,7339.27,180,180
6073,BER,HKT,2025-05-15,21:30,A002,Airbus A350-900,10,24,253,16221.58,287,287
6074,BER,SYD,2025-05-15,21:30,A001,Boeing 787-9,8,30,200,9933.36,238,238
6075,BER,NRT,2025-05-15,08:00,A004,Boeing 737-800,8,24,157,15189.30,189,189
6076,BER,GRU,2025-05-15,20:00,A002,Airbus A350-900,10,24,253,8614.50,287,287
6077,BER,YYZ,2025-05-15,09:00,A005,Airbus A320,4,12,164,11633.73,180,180
6078,YYZ,BKK,2025-05-15,14:00,A001,Boeing 787-9,8,30,200,15740.27,238,238
6079,YYZ,HKT,2025-05-15,20:30,A004,Boeing 737-800,8,24,157,18382.70,189,189
6080,YYZ,SYD,2025-05-15,16:30,A001,Boeing 787-9,8,30,200,11789.87,238,238
6081,YYZ,NRT,2025-05-15,20:30,A002,Airbus A350-900,10,24,253,12880.60,287,287
6082,YYZ,GRU,2025-05-15,14:30,A004,Boeing 737-800,8,24,157,19527.60,189,189
6083,YYZ,BER,2025-05-15,17:00,A004,Boeing 737-800,8,24,157,10043.89,189,189
6084,BKK,HKT,2025-05-16,08:30,A001,Boeing 787-9,8,30,200,10527.76,238,238
6085,BKK,SYD,2025-05-16,09:00,A001,Boeing 787-9,8,30,200,19593.92,238,238
6086,BKK,NRT,2025-05-16,12:00,A001,Boeing 787-9,8,30,200,15207.24,238,238
6087,BKK,GRU,2025-05-16,22:30,A005,Airbus A320,4,12,164,11986.49,180,180
6088,BKK,BER,2025-05-16,12:00,A001,Boeing 787-9,8,30,200,18936.50,238,238
6089,BKK,YYZ,2025-05-16,06:30,A001,Boeing 787-9,8,30,200,17926.02,238,238
6090,HKT,BKK,2025-05-16,08:00,A001,Boeing 787-9,8,30,200,9382.59,238,238
6091,HKT,SYD,2025-05-16,13:00,A005,Airbus A320,4,12,164,18196.70,180,180
6092,HKT,NRT,2025-05-16,17:30,A005,Airbus A320,4,12,164,17847.04,180,180
6093,HKT,GRU,2025-05-16,13:00,A001,Boeing 787-9,8,30,200,18413.95,238,238
6094,HKT,BER,2025-05-16,07:30,A004,Boeing 737-800,8,24,157,19490.47,189,189
6095,HKT,YYZ,2025-05-16,13:00,A005,Airbus A320,4,12,164,12718.09,180,180
6096,SYD,BKK,2025-05-16,08:30,A001,Boeing 787-9,8,30,200,10547.98,238,238
6097,SYD,HKT,2025-05-16,14:00,A002,Airbus A350-900,10,24,253,10796.92,287,287
6098,SYD,NRT,2025-05-16,18:30,A005,Airbus A320,4,12,164,8153.54,180,180
6099,SYD,GRU,2025-05-16,18:00,A004,Boeing 737-800,8,24,157,8157.91,189,189
6100,SYD,BER,2025-05-16,12:30,A004,Boeing 737-800,8,24,157,15066.93,189,189
6101,SYD,YYZ,2025-05-16,18:30,A005,Airbus A320,4,12,164,7182.40,180,180
6102,NRT,BKK,2025-05-16,22:00,A001,Boeing 787-9,8,30,200,18841.31,238,238
6103,NRT,HKT,2025-05-16,12:30,A005,Airbus A320,4,12,164,18806.24,180,180
6104,NRT,SYD,2025-05-16,16:00,A002,Airbus A350-900,10,24,253,15217.65,287,287
6105,NRT,GRU,2025-05-16,21:00,A004,Boeing 737-800,8,24,157,16301.39,189,189
6106,NRT,BER,2025-05-16,15:30,A004,Boeing 737-800,8,24,157,17725.67,189,189
6107,NRT,YYZ,2025-05-16,16:00,A002,Airbus A350-900,10,24,253,12134.94,287,287
6108,GRU,BKK,2025-05-16,22:00,A002,Airbus A350-900,10,24,253,18191.82,287,287
6109,GRU,HKT,2025-05-16,10:00,A002,Airbus A350-900,10,24,253,11516.34,287,277
6110,GRU,SYD,2025-05-16,14:00,A005,Airbus A320,4,12,164,19049.93,180,180
6111,GRU,NRT,2025-05-16,08:00,A001,Boeing 787-9,8,30,200,13691.39,238,238
6112,GRU,BER,2025-05-16,16:30,A004,Boeing 737-800,8,24,157,15602.45,189,189
6113,GRU,YYZ,2025-05-16,07:00,A004,Boeing 737-800,8,24,157,17331.09,189,189
6114,BER,BKK,2025-05-16,08:30,A005,Airbus A320,4,12,164,12345.97,180,180
6115,BER,HKT,2025-05-16,22:30,A005,Airbus A320,4,12,164,18982.26,180,160
6116,BER,SYD,2025-05-16,19:00,A005,Airbus A320,4,12,164,7906.40,180,180
6117,BER,NRT,2025-05-16,20:30,A004,Boeing 737-800,8,24,157,17156.07,189,189
6118,BER,GRU,2025-05-16,12:30,A002,Airbus A350-900,10,24,253,13963.83,287,287
6119,BER,YYZ,2025-05-16,16:30,A004,Boeing 737-800,8,24,157,18120.50,189,189
6120,YYZ,BKK,2025-05-16,16:00,A001,Boeing 787-9,8,30,200,13014.17,238,238
6121,YYZ,HKT,2025-05-16,13:30,A004,Boeing 737-800,8,24,157,11454.81,189,189
6122,YYZ,SYD,2025-05-16,13:30,A005,Airbus A320,4,12,164,14604.29,180,180
6123,YYZ,NRT,2025-05-16,21:00,A001,Boeing 787-9,8,30,200,7551.88,238,228
6124,YYZ,GRU,2025-05-16,19:00,A005,Airbus A320,4,12,164,14111.48,180,180
6125,YYZ,BER,2025-05-16,18:00,A002,Airbus A350-900,10,24,253,8339.45,287,287
6126,BKK,HKT,2025-05-17,06:30,A004,Boeing 737-800,8,24,157,13600.05,189,189
6127,BKK,SYD,2025-05-17,06:00,A002,Airbus A350-900,10,24,253,16608.48,287,287
6128,BKK,NRT,2025-05-17,16:00,A001,Boeing 787-9,8,30,200,17771.47,238,196
6129,BKK,GRU,2025-05-17,09:00,A004,Boeing 737-800,8,24,157,11502.22,189,189
6130,BKK,BER,2025-05-17,09:00,A001,Boeing 787-9,8,30,200,11610.01,238,238
6131,BKK,YYZ,2025-05-17,12:30,A001,Boeing 787-9,8,30,200,15492.70,238,238
6132,HKT,BKK,2025-05-17,09:30,A002,Airbus A350-900,10,24,253,13214.40,287,287
6133,HKT,SYD,2025-05-17,12:30,A001,Boeing 787-9,8,30,200,16761.42,238,238
6134,HKT,NRT,2025-05-17,18:00,A002,Airbus A350-900,10,24,253,19211.59,287,287
6135,HKT,GRU,2025-05-17,20:00,A001,Boeing 787-9,8,30,200,12098.89,238,238
6136,HKT,BER,2025-05-17,09:00,A005,Airbus A320,4,12,164,9760.44,180,180
6137,HKT,YYZ,2025-05-17,09:30,A001,Boeing 787-9,8,30,200,19369.78,238,238
6138,SYD,BKK,2025-05-17,13:30,A001,Boeing 787-9,8,30,200,11926.88,238,238
6139,SYD,HKT,2025-05-17,13:00,A002,Airbus A350-900,10,24,253,10743.45,287,287
6140,SYD,NRT,2025-05-17,20:00,A002,Airbus A350-900,10,24,253,17823.00,287,287
6141,SYD,GRU,2025-05-17,22:30,A005,Airbus A320,4,12,164,7479.42,180,180
6142,SYD,BER,2025-05-17,19:30,A005,Airbus A320,4,12,164,9932.92,180,180
6143,SYD,YYZ,2025-05-17,14:30,A002,Airbus A350-900,10,24,253,11221.92,287,287
6144,NRT,BKK,2025-05-17,12:00,A004,Boeing 737-800,8,24,157,19297.88,189,189
6145,NRT,HKT,2025-05-17,20:00,A002,Airbus A350-900,10,24,253,17212.69,287,287
6146,NRT,SYD,2025-05-17,21:00,A002,Airbus A350-900,10,24,253,11865.23,287,287
6147,NRT,GRU,2025-05-17,10:30,A004,Boeing 737-800,8,24,157,16177.23,189,189
6148,NRT,BER,2025-05-17,15:00,A002,Airbus A350-900,10,24,253,13649.72,287,287
6149,NRT,YYZ,2025-05-17,17:00,A005,Airbus A320,4,12,164,7565.52,180,180
6150,GRU,BKK,2025-05-17,06:30,A002,Airbus A350-900,10,24,253,9894.05,287,287
6151,GRU,HKT,2025-05-17,13:30,A001,Boeing 787-9,8,30,200,18842.92,238,238
6152,GRU,SYD,2025-05-17,21:30,A001,Boeing 787-9,8,30,200,9707.71,238,238
6153,GRU,NRT,2025-05-17,07:30,A001,Boeing 787-9,8,30,200,8224.76,238,238
6154,GRU,BER,2025-05-17,15:00,A002,Airbus A350-900,10,24,253,7030.17,287,287
6155,GRU,YYZ,2025-05-17,06:00,A005,Airbus A320,4,12,164,10974.52,180,180
6156,BER,BKK,2025-05-17,20:30,A005,Airbus A320,4,12,164,19860.08,180,180
6157,BER,HKT,2025-05-17,15:30,A001,Boeing 787-9,8,30,200,9465.97,238,238
6158,BER,SYD,2025-05-17,08:00,A001,Boeing 787-9,8,30,200,10275.09,238,238
6159,BER,NRT,2025-05-17,12:00,A004,Boeing 737-800,8,24,157,16325.58,189,189
6160,BER,GRU,2025-05-17,07:30,A005,Airbus A320,4,12,164,12486.23,180,170
6161,BER,YYZ,2025-05-17,06:30,A001,Boeing 787-9,8,30,200,9798.26,238,238
6162,YYZ,BKK,2025-05-17,13:00,A004,Boeing 737-800,8,24,157,18956.36,189,184
6163,YYZ,HKT,2025-05-17,11:30,A004,Boeing 737-800,8,24,157,18905.24,189,189
6164,YYZ,SYD,2025-05-17,12:30,A005,Airbus A320,4,12,164,15261.12,180,180
6165,YYZ,NRT,2025-05-17,11:30,A005,Airbus A320,4,12,164,14844.24,180,180
6166,YYZ,GRU,2025-05-17,20:30,A005,Airbus A320,4,12,164,11265.42,180,180
6167,YYZ,BER,2025-05-17,12:00,A001,Boeing 787-9,8,30,200,14032.20,238,238
6168,BKK,HKT,2025-05-18,17:30,A005,Airbus A320,4,12,164,16459.89,180,175
6169,BKK,SYD,2025-05-18,08:30,A005,Airbus A320,4,12,164,16385.79,180,180
6170,BKK,NRT,2025-05-18,12:00,A004,Boeing 737-800,8,24,157,17853.68,189,189
6171,BKK,GRU,2025-05-18,13:00,A001,Boeing 787-9,8,30,200,19353.91,238,238
6172,BKK,BER,2025-05-18,20:30,A005,Airbus A320,4,12,164,9928.03,180,180
6173,BKK,YYZ,2025-05-18,16:30,A004,Boeing 737-800,8,24,157,8145.62,189,189
6174,HKT,BKK,2025-05-18,15:00,A005,Airbus A320,4,12,164,9063.00,180,180
6175,HKT,SYD,2025-05-18,10:00,A004,Boeing 737-800,8,24,157,7341.35,189,189
6176,HKT,NRT,2025-05-18,07:30,A001,Boeing 787-9,8,30,200,15466.98,238,238
6177,HKT,GRU,2025-05-18,19:00,A005,Airbus A320,4,12,164,8941.02,180,180
6178,HKT,BER,2025-05-18,21:30,A002,Airbus A350-900,10,24,253,10228.75,287,287
6179,HKT,YYZ,2025-05-18,10:00,A001,Boeing 787-9,8,30,200,18886.24,238,238
6180,SYD,BKK,2025-05-18,15:00,A004,Boeing 737-800,8,24,157,18322.06,189,189
6181,SYD,HKT,2025-05-18,20:00,A004,Boeing 737-800,8,24,157,12509.40,189,189
6182,SYD,NRT,2025-05-18,13:30,A005,Airbus A320,4,12,164,15498.34,180,180
6183,SYD,GRU,2025-05-18,13:30,A004,Boeing 737-800,8,24,157,14723.14,189,189
6184,SYD,BER,2025-05-18,12:00,A001,Boeing 787-9,8,30,200,9615.40,238,238
6185,SYD,YYZ,2025-05-18,17:30,A002,Airbus A350-900,10,24,253,11178.15,287,287
6186,NRT,BKK,2025-05-18,13:00,A004,Boeing 737-800,8,24,157,10965.15,189,189
6187,NRT,HKT,2025-05-18,10:30,A001,Boeing 787-9,8,30,200,8247.28,238,238
6188,NRT,SYD,2025-05-18,22:00,A001,Boeing 787-9,8,30,200,11734.60,238,238
6189,NRT,GRU,2025-05-18,09:00,A001,Boeing 787-9,8,30,200,9527.57,238,238
6190,NRT,BER,2025-05-18,22:30,A004,Boeing 737-800,8,24,157,18379.90,189,189
6191,NRT,YYZ,2025-05-18,18:30,A004,Boeing 737-800,8,24,157,17784.25,189,189
6192,GRU,BKK,2025-05-18,07:30,A002,Airbus A350-900,10,24,253,12512.13,287,287
6193,GRU,HKT,2025-05-18,12:00,A002,Airbus A350-900,10,24,253,18892.13,287,287
6194,GRU,SYD,2025-05-18,17:00,A005,Airbus A320,4,12,164,19852.68,180,180
6195,GRU,NRT,2025-05-18,17:30,A002,Airbus A350-900,10,24,253,19328.88,287,287
6196,GRU,BER,2025-05-18,22:30,A001,Boeing 787-9,8,30,200,9839.90,238,238
6197,GRU,YYZ,2025-05-18,09:00,A004,Boeing 737-800,8,24,157,11346.71,189,189
6198,BER,BKK,2025-05-18,09:00,A001,Boeing 787-9,8,30,200,17675.41,238,238
6199,BER,HKT,2025-05-18,13:30,A004,Boeing 737-800,8,24,157,14249.20,189,189
6200,BER,SYD,2025-05-18,22:30,A001,Boeing 787-9,8,30,200,9429.95,238,238
6201,BER,NRT,2025-05-18,08:30,A001,Boeing 787-9,8,30,200,15171.65,238,238
6202,BER,GRU,2025-05-18,06:30,A002,Airbus A350-900,10,24,253,15354.09,287,287
6203,BER,YYZ,2025-05-18,08:00,A005,Airbus A320,4,12,164,12920.49,180,180
6204,YYZ,BKK,2025-05-18,11:30,A002,Airbus A350-900,10,24,253,10935.63,287,287
6205,YYZ,HKT,2025-05-18,12:00,A002,Airbus A350-900,10,24,253,18715.01,287,287
6206,YYZ,SYD,2025-05-18,11:30,A005,Airbus A320,4,12,164,17024.76,180,180
6207,YYZ,NRT,2025-05-18,20:30,A004,Boeing 737-800,8,24,157,7736.78,189,189
6208,YYZ,GRU,2025-05-18,09:30,A002,Airbus A350-900,10,24,253,13051.14,287,287
6209,YYZ,BER,2025-05-18,07:30,A005,Airbus A320,4,12,164,12596.36,180,140
6210,BKK,HKT,2025-05-19,18:00,A005,Airbus A320,4,12,164,18980.66,180,180
6211,BKK,SYD,2025-05-19,22:30,A002,Airbus A350-900,10,24,253,14097.28,287,287
6212,BKK,NRT,2025-05-19,20:00,A002,Airbus A350-900,10,24,253,19238.40,287,287
6213,BKK,GRU,2025-05-19,17:00,A004,Boeing 737-800,8,24,157,19094.98,189,189
6214,BKK,BER,2025-05-19,11:30,A005,Airbus A320,4,12,164,9477.63,180,180
6215,BKK,YYZ,2025-05-19,20:30,A005,Airbus A320,4,12,164,15595.18,180,180
6216,HKT,BKK,2025-05-19,21:30,A005,Airbus A320,4,12,164,8274.67,180,180
6217,HKT,SYD,2025-05-19,19:00,A005,Airbus A320,4,12,164,7965.18,180,180
6218,HKT,NRT,2025-05-19,06:30,A004,Boeing 737-800,8,24,157,19566.99,189,189
6219,HKT,GRU,2025-05-19,09:00,A001,Boeing 787-9,8,30,200,11676.98,238,238
6220,HKT,BER,2025-05-19,07:00,A005,Airbus A320,4,12,164,11007.67,180,180
6221,HKT,YYZ,2025-05-19,10:30,A004,Boeing 737-800,8,24,157,9683.26,189,189
6222,SYD,BKK,2025-05-19,18:30,A001,Boeing 787-9,8,30,200,18701.24,238,238
6223,SYD,HKT,2025-05-19,10:00,A005,Airbus A320,4,12,164,16223.00,180,180
6224,SYD,NRT,2025-05-19,21:30,A005,Airbus A320,4,12,164,8766.33,180,180
6225,SYD,GRU,2025-05-19,09:30,A002,Airbus A350-900,10,24,253,19600.01,287,287
6226,SYD,BER,2025-05-19,17:00,A002,Airbus A350-900,10,24,253,17806.08,287,287
6227,SYD,YYZ,2025-05-19,14:30,A001,Boeing 787-9,8,30,200,16149.78,238,238
6228,NRT,BKK,2025-05-19,14:00,A005,Airbus A320,4,12,164,11939.45,180,180
6229,NRT,HKT,2025-05-19,10:00,A002,Airbus A350-900,10,24,253,10694.33,287,287
6230,NRT,SYD,2025-05-19,08:30,A005,Airbus A320,4,12,164,11691.69,180,180
6231,NRT,GRU,2025-05-19,12:30,A002,Airbus A350-900,10,24,253,13545.61,287,287
6232,NRT,BER,2025-05-19,12:00,A002,Airbus A350-900,10,24,253,14306.22,287,287
6233,NRT,YYZ,2025-05-19,13:30,A001,Boeing 787-9,8,30,200,13249.94,238,238
6234,GRU,BKK,2025-05-19,17:00,A005,Airbus A320,4,12,164,17055.03,180,180
6235,GRU,HKT,2025-05-19,17:00,A002,Airbus A350-900,10,24,253,19802.59,287,287
6236,GRU,SYD,2025-05-19,18:00,A001,Boeing 787-9,8,30,200,13162.54,238,238
6237,GRU,NRT,2025-05-19,22:00,A004,Boeing 737-800,8,24,157,13285.33,189,189
6238,GRU,BER,2025-05-19,14:00,A002,Airbus A350-900,10,24,253,15372.95,287,287
6239,GRU,YYZ,2025-05-19,15:30,A004,Boeing 737-800,8,24,157,15092.60,189,189
6240,BER,BKK,2025-05-19,14:30,A005,Airbus A320,4,12,164,7521.26,180,180
6241,BER,HKT,2025-05-19,18:00,A001,Boeing 787-9,8,30,200,12846.22,238,228
6242,BER,SYD,2025-05-19,16:00,A002,Airbus A350-900,10,24,253,8755.46,287,287
6243,BER,NRT,2025-05-19,11:30,A004,Boeing 737-800,8,24,157,17653.97,189,189
6244,BER,GRU,2025-05-19,13:30,A005,Airbus A320,4,12,164,9044.85,180,180
6245,BER,YYZ,2025-05-19,21:00,A001,Boeing 787-9,8,30,200,7780.00,238,238
6246,YYZ,BKK,2025-05-19,19:00,A002,Airbus A350-900,10,24,253,12913.36,287,287
6247,YYZ,HKT,2025-05-19,11:30,A004,Boeing 737-800,8,24,157,12369.09,189,189
6248,YYZ,SYD,2025-05-19,16:00,A005,Airbus A320,4,12,164,13586.63,180,180
6249,YYZ,NRT,2025-05-19,06:00,A001,Boeing 787-9,8,30,200,9298.56,238,238
6250,YYZ,GRU,2025-05-19,19:30,A002,Airbus A350-900,10,24,253,12518.02,287,287
6251,YYZ,BER,2025-05-19,09:30,A002,Airbus A350-900,10,24,253,16461.29,287,287
6252,BKK,HKT,2025-05-20,21:00,A002,Airbus A350-900,10,24,253,15411.32,287,287
6253,BKK,SYD,2025-05-20,17:30,A004,Boeing 737-800,8,24,157,18016.83,189,189
6254,BKK,NRT,2025-05-20,08:30,A004,Boeing 737-800,8,24,157,7159.49,189,189
6255,BKK,GRU,2025-05-20,16:00,A005,Airbus A320,4,12,164,12769.38,180,180
6256,BKK,BER,2025-05-20,07:00,A002,Airbus A350-900,10,24,253,17050.73,287,287
6257,BKK,YYZ,2025-05-20,07:30,A001,Boeing 787-9,8,30,200,9795.51,238,238
6258,HKT,BKK,2025-05-20,21:30,A002,Airbus A350-900,10,24,253,12958.62,287,287
6259,HKT,SYD,2025-05-20,08:00,A005,Airbus A320,4,12,164,11936.67,180,180
6260,HKT,NRT,2025-05-20,17:30,A004,Boeing 737-800,8,24,157,7197.62,189,189
6261,HKT,GRU,2025-05-20,18:30,A004,Boeing 737-800,8,24,157,13753.30,189,189
6262,HKT,BER,2025-05-20,09:30,A004,Boeing 737-800,8,24,157,10960.09,189,189
6263,HKT,YYZ,2025-05-20,18:00,A002,Airbus A350-900,10,24,253,7189.32,287,287
6264,SYD,BKK,2025-05-20,12:00,A002,Airbus A350-900,10,24,253,12339.56,287,287
6265,SYD,HKT,2025-05-20,08:30,A001,Boeing 787-9,8,30,200,19801.45,238,238
6266,SYD,NRT,2025-05-20,22:00,A005,Airbus A320,4,12,164,10693.44,180,180
6267,SYD,GRU,2025-05-20,20:30,A004,Boeing 737-800,8,24,157,10969.99,189,189
6268,SYD,BER,2025-05-20,14:00,A001,Boeing 787-9,8,30,200,7157.52,238,238
6269,SYD,YYZ,2025-05-20,18:00,A004,Boeing 737-800,8,24,157,8789.26,189,189
6270,NRT,BKK,2025-05-20,18:00,A001,Boeing 787-9,8,30,200,14503.79,238,238
6271,NRT,HKT,2025-05-20,21:00,A004,Boeing 737-800,8,24,157,7061.58,189,189
6272,NRT,SYD,2025-05-20,06:30,A004,Boeing 737-800,8,24,157,7878.33,189,189
6273,NRT,GRU,2025-05-20,14:00,A005,Airbus A320,4,12,164,13747.06,180,180
6274,NRT,BER,2025-05-20,15:00,A004,Boeing 737-800,8,24,157,18863.30,189,189
6275,NRT,YYZ,2025-05-20,20:00,A002,Airbus A350-900,10,24,253,15266.63,287,287
6276,GRU,BKK,2025-05-20,20:00,A004,Boeing 737-800,8,24,157,16185.35,189,189
6277,GRU,HKT,2025-05-20,18:30,A001,Boeing 787-9,8,30,200,13855.01,238,238
6278,GRU,SYD,2025-05-20,16:00,A001,Boeing 787-9,8,30,200,12958.15,238,238
6279,GRU,NRT,2025-05-20,19:30,A001,Boeing 787-9,8,30,200,10128.62,238,238
6280,GRU,BER,2025-05-20,19:30,A005,Airbus A320,4,12,164,9293.92,180,180
6281,GRU,YYZ,2025-05-20,20:00,A002,Airbus A350-900,10,24,253,9538.48,287,287
6282,BER,BKK,2025-05-20,10:30,A004,Boeing 737-800,8,24,157,11285.30,189,189
6283,BER,HKT,2025-05-20,08:30,A004,Boeing 737-800,8,24,157,11376.54,189,189
6284,BER,SYD,2025-05-20,22:00,A001,Boeing 787-9,8,30,200,17602.65,238,238
6285,BER,NRT,2025-05-20,14:30,A004,Boeing 737-800,8,24,157,15362.13,189,189
6286,BER,GRU,2025-05-20,21:30,A001,Boeing 787-9,8,30,200,10815.88,238,238
6287,BER,YYZ,2025-05-20,17:00,A005,Airbus A320,4,12,164,17675.78,180,180
6288,YYZ,BKK,2025-05-20,15:30,A001,Boeing 787-9,8,30,200,11123.78,238,238
6289,YYZ,HKT,2025-05-20,10:00,A005,Airbus A320,4,12,164,17180.38,180,180
6290,YYZ,SYD,2025-05-20,14:30,A002,Airbus A350-900,10,24,253,8767.85,287,287
6291,YYZ,NRT,2025-05-20,22:30,A005,Airbus A320,4,12,164,12735.75,180,180
6292,YYZ,GRU,2025-05-20,18:30,A001,Boeing 787-9,8,30,200,13034.04,238,238
6293,YYZ,BER,2025-05-20,06:00,A002,Airbus A350-900,10,24,253,8253.04,287,287
>>>>>>> aaad8608c8e071f48bf4eaa85793ec8be25bc768
